"Piano Concerto No.1, Op.15 (Beethoven, Ludwig van)","2","Category:Beethoven, Ludwig van","http://imslp.org/wiki/Piano_Concerto_No.1,_Op.15_(Beethoven,_Ludwig_van)"
"Piano Concerto No.2, Op.19 (Beethoven, Ludwig van)","2","Category:Beethoven, Ludwig van","http://imslp.org/wiki/Piano_Concerto_No.2,_Op.19_(Beethoven,_Ludwig_van)"
"Piano Concerto No.3, Op.37 (Beethoven, Ludwig van)","2","Category:Beethoven, Ludwig van","http://imslp.org/wiki/Piano_Concerto_No.3,_Op.37_(Beethoven,_Ludwig_van)"
"Piano Concerto No.4, Op.58 (Beethoven, Ludwig van)","2","Category:Beethoven, Ludwig van","http://imslp.org/wiki/Piano_Concerto_No.4,_Op.58_(Beethoven,_Ludwig_van)"
"Piano Concerto No.5, Op.73 (Beethoven, Ludwig van)","2","Category:Beethoven, Ludwig van","http://imslp.org/wiki/Piano_Concerto_No.5,_Op.73_(Beethoven,_Ludwig_van)"
"Symphony No.1, Op.21 (Beethoven, Ludwig van)","2","Category:Beethoven, Ludwig van","http://imslp.org/wiki/Symphony_No.1,_Op.21_(Beethoven,_Ludwig_van)"
"Symphony No.10 (Beethoven, Ludwig van)","2","Category:Beethoven, Ludwig van","http://imslp.org/wiki/Symphony_No.10_(Beethoven,_Ludwig_van)"
"Symphony No.2, Op.36 (Beethoven, Ludwig van)","2","Category:Beethoven, Ludwig van","http://imslp.org/wiki/Symphony_No.2,_Op.36_(Beethoven,_Ludwig_van)"
"Symphony No.3, Op.55 (Beethoven, Ludwig van)","2","Category:Beethoven, Ludwig van","http://imslp.org/wiki/Symphony_No.3,_Op.55_(Beethoven,_Ludwig_van)"
"Symphony No.4, Op.60 (Beethoven, Ludwig van)","2","Category:Beethoven, Ludwig van","http://imslp.org/wiki/Symphony_No.4,_Op.60_(Beethoven,_Ludwig_van)"
"Symphony No.5, Op.67 (Beethoven, Ludwig van)","2","Category:Beethoven, Ludwig van","http://imslp.org/wiki/Symphony_No.5,_Op.67_(Beethoven,_Ludwig_van)"
"Symphony No.6, Op.68 (Beethoven, Ludwig van)","2","Category:Beethoven, Ludwig van","http://imslp.org/wiki/Symphony_No.6,_Op.68_(Beethoven,_Ludwig_van)"
:"Symphony No.7, Op.92 (Beethoven, Ludwig van)","2","Category:Beethoven, Ludwig van","http://imslp.org/wiki/Symphony_No.7,_Op.92_(Beethoven,_Ludwig_van)"
"Symphony No.8, Op.93 (Beethoven, Ludwig van)","2","Category:Beethoven, Ludwig van","http://imslp.org/wiki/Symphony_No.8,_Op.93_(Beethoven,_Ludwig_van)"
"Symphony No.9, Op.125 (Beethoven, Ludwig van)","2","Category:Beethoven, Ludwig van","http://imslp.org/wiki/Symphony_No.9,_Op.125_(Beethoven,_Ludwig_van)"
