"Cello Concerto in A major, B.10 (Dvořák, Antonín)","2","Category:Dvořák, Antonín","http://imslp.org/wiki/Cello_Concerto_in_A_major,_B.10_(Dvořák,_Antonín)"
"Cello Concerto, Op.104 (Dvořák, Antonín)","2","Category:Dvořák, Antonín","http://imslp.org/wiki/Cello_Concerto,_Op.104_(Dvořák,_Antonín)"
"Symphony No.1, B.9 (Dvořák, Antonín)","2","Category:Dvořák, Antonín","http://imslp.org/wiki/Symphony_No.1,_B.9_(Dvořák,_Antonín)"
"Symphony No.2, Op.4 (Dvořák, Antonín)","2","Category:Dvořák, Antonín","http://imslp.org/wiki/Symphony_No.2,_Op.4_(Dvořák,_Antonín)"
"Symphony No.3, Op.10 (Dvořák, Antonín)","2","Category:Dvořák, Antonín","http://imslp.org/wiki/Symphony_No.3,_Op.10_(Dvořák,_Antonín)"
"Symphony No.4, Op.13 (Dvořák, Antonín)","2","Category:Dvořák, Antonín","http://imslp.org/wiki/Symphony_No.4,_Op.13_(Dvořák,_Antonín)"
"Symphony No.5, Op.76 (Dvořák, Antonín)","2","Category:Dvořák, Antonín","http://imslp.org/wiki/Symphony_No.5,_Op.76_(Dvořák,_Antonín)"
"Symphony No.6, Op.60 (Dvořák, Antonín)","2","Category:Dvořák, Antonín","http://imslp.org/wiki/Symphony_No.6,_Op.60_(Dvořák,_Antonín)"
"Symphony No.7 (Dvořák, Antonín)","2","Category:Dvořák, Antonín","http://imslp.org/wiki/Symphony_No.7_(Dvořák,_Antonín)"
"Symphony No.7, Op.70 (Dvořák, Antonín)","2","Category:Dvořák, Antonín","http://imslp.org/wiki/Symphony_No.7,_Op.70_(Dvořák,_Antonín)"
"Symphony No.8, Op.88 (Dvořák, Antonín)","2","Category:Dvořák, Antonín","http://imslp.org/wiki/Symphony_No.8,_Op.88_(Dvořák,_Antonín)"
"Symphony No.9, Op.95 (Dvořák, Antonín)","2","Category:Dvořák, Antonín","http://imslp.org/wiki/Symphony_No.9,_Op.95_(Dvořák,_Antonín)"
